1,256,0,3,8,13,17,18,19,21,25,31,37,43,53,54,78,81,114,120,122,135,138,180,185,205,221,228,231,243,251,261,269,271,280,299,311,315,327,330,357,380,385,399,402,414,417,422,491,492,505,523,532,534,542,556,565,568,579,590,593,595,598,599,613,653,654,662,663,694,697,698,700,725,732,733,737,748,776,785,788,794,795,798,802,812,813,814,835,837,841,859,906,908,909,927,932,942,949,950,956,966,984,999,1003,1018,1024,1025,1031,1039,1047,1064,1071,1077,1081,1088,1095,1099,1103,1106,1111,1130,1132,1152,1154,1166,1187,1195,1204,1207,1215,1228,1231,1240,1242,1243,1253,1254,1256,1259,1260,1261,1262,1267,1272,1275,1286,1293,1294,1312,1321,1323,1332,1342,1346,1361,1374,1375,1378,1380,1382,1399,1405,1420,1429,1432,1433,1434,1437,1444,1445,1451,1453,1459,1472,1478,1485,1489,1491,1506,1530,1532,1535,1537,1540,1546,1555,1566,1568,1577,1579,1583,1585,1613,1614,1625,1628,1629,1630,1636,1637,1665,1667,1669,1683,1703,1707,1725,1731,1734,1739,1745,1748,1754,1765,1777,1778,1783,1786,1790,1795,1798,1810,1812,1822,1843,1858,1887,1916,1930,1945,1955,1959,1972,1975,1987,1989,1990,2004,2006,2009,2061,2067,2074,2089,2098,2112,2129,2147,2149,2241,2288,2351,2375,2388,2400,2478,2495
2,512,1,2,5,6,7,9,10,11,12,20,22,23,24,26,27,30,32,34,39,40,44,45,46,47,51,52,55,57,58,61,62,63,64,66,68,71,74,86,87,91,92,93,95,97,98,99,101,104,105,107,108,109,110,113,121,124,126,128,129,130,131,133,137,139,141,144,147,148,149,150,152,156,157,158,159,160,161,164,166,167,169,171,173,175,176,177,178,179,183,186,188,192,194,196,197,198,200,201,202,206,207,208,209,210,211,215,216,217,218,220,224,225,226,227,229,234,236,237,241,242,245,247,253,254,255,257,258,259,262,263,267,268,270,272,273,277,279,281,283,284,286,287,291,292,293,294,295,296,301,303,304,306,307,310,312,314,317,320,322,323,325,326,328,329,331,332,333,334,337,340,341,342,344,347,352,353,359,364,368,372,374,375,377,378,379,382,383,388,389,390,391,392,396,397,400,401,403,404,405,406,407,408,410,415,418,420,421,424,427,430,432,433,435,437,438,440,441,443,444,446,448,450,451,452,454,456,457,460,462,463,466,467,468,470,471,477,479,480,481,486,495,498,499,500,501,502,503,504,511,517,518,519,520,521,525,527,531,536,538,540,545,546,549,554,558,559,560,564,566,569,570,572,573,575,577,580,581,582,585,589,592,594,596,597,604,605,608,615,617,618,621,625,628,629,631,635,637,639,640,646,647,648,650,651,655,657,660,661,664,665,669,670,679,681,683,685,687,688,689,690,691,695,696,703,706,708,709,712,713,714,715,716,721,726,728,729,734,735,738,741,743,745,746,747,751,753,754,755,758,760,762,768,769,770,771,772,778,779,780,782,783,784,787,790,792,793,796,800,801,803,804,806,808,810,811,815,819,820,822,823,825,828,836,838,839,842,844,846,847,848,850,857,858,861,863,864,865,869,871,872,874,876,877,879,882,883,886,889,892,893,894,896,897,898,899,904,910,912,915,916,922,929,933,936,940,947,951,955,959,976,978,981,989,990,996,998,1009,1010,1021,1022,1023,1028,1036,1045,1055,1058,1066,1072,1082,1084,1086,1087,1089,1108,1127,1134,1137,1155,1160,1165,1169,1176,1183,1184,1188,1191,1194,1197,1198,1199,1200,1201,1202,1280,1314,1318,1326,1338,1373,1416,1436,1501,1513,1518,1520,1528,1551,1557,1564,1574,1646,1662,1663,1670,1671,1680,1682,1716,1717,1724,1773,1784,1813,1815,1824,1931,1982,2029,2051,2059,2075,2092
3,768,4,14,16,56,65,80,83,85,94,100,123,125,127,145,146,151,190,203,249,266,278,297,300,309,345,348,350,360,361,362,369,381,387,395,411,419,428,455,496,506,507,515,535,541,544,551,563,567,591,600,602,606,610,611,612,616,630,638,656,672,693,699,701,711,723,727,731,757,765,774,797,845,853,881,901,902,903,905,907,911,913,914,918,919,920,921,924,925,926,930,931,935,937,938,941,943,945,946,948,952,953,954,960,961,964,965,968,969,970,973,975,979,982,983,985,986,987,988,991,992,994,995,1002,1005,1006,1007,1008,1011,1013,1014,1020,1029,1032,1033,1034,1035,1042,1044,1046,1049,1052,1054,1057,1059,1060,1062,1063,1067,1070,1075,1078,1080,1083,1085,1092,1094,1096,1097,1098,1100,1101,1102,1104,1105,1107,1109,1110,1113,1115,1116,1117,1118,1119,1120,1121,1122,1125,1126,1128,1129,1131,1133,1135,1138,1139,1140,1142,1143,1144,1145,1146,1147,1148,1149,1150,1153,1156,1157,1158,1159,1161,1164,1168,1170,1172,1178,1182,1185,1186,1189,1190,1196,1203,1205,1206,1208,1209,1210,1211,1213,1214,1216,1217,1218,1219,1221,1222,1223,1224,1225,1227,1230,1232,1233,1234,1235,1236,1237,1238,1239,1241,1244,1245,1246,1247,1248,1249,1252,1255,1257,1258,1263,1265,1266,1268,1270,1271,1273,1274,1276,1277,1278,1279,1281,1282,1283,1284,1285,1287,1289,1291,1292,1295,1297,1299,1300,1301,1302,1304,1305,1306,1307,1308,1309,1310,1311,1313,1315,1316,1319,1322,1324,1325,1327,1328,1329,1330,1331,1333,1334,1336,1339,1340,1341,1344,1345,1347,1351,1352,1353,1354,1355,1356,1357,1358,1359,1360,1362,1363,1364,1365,1366,1367,1369,1370,1371,1372,1376,1377,1379,1381,1383,1384,1385,1386,1389,1391,1392,1393,1394,1396,1397,1398,1400,1403,1404,1406,1407,1408,1409,1410,1411,1412,1413,1414,1415,1417,1418,1419,1421,1423,1424,1425,1426,1427,1430,1438,1439,1441,1442,1443,1446,1447,1449,1450,1452,1454,1455,1456,1458,1461,1462,1464,1468,1469,1471,1473,1474,1475,1476,1477,1479,1480,1481,1482,1483,1486,1487,1488,1490,1492,1493,1494,1495,1496,1497,1498,1499,1500,1502,1503,1504,1508,1510,1511,1512,1515,1516,1517,1519,1521,1522,1523,1524,1525,1527,1529,1531,1533,1534,1536,1538,1539,1541,1542,1543,1544,1547,1549,1550,1552,1553,1554,1556,1558,1559,1560,1561,1562,1567,1569,1570,1571,1572,1573,1575,1576,1578,1580,1582,1584,1587,1589,1590,1591,1592,1593,1594,1595,1597,1598,1601,1602,1603,1604,1605,1606,1607,1609,1610,1611,1616,1617,1618,1619,1620,1621,1622,1623,1626,1631,1632,1633,1634,1635,1638,1639,1640,1643,1644,1645,1647,1648,1649,1650,1651,1652,1653,1654,1655,1656,1657,1658,1659,1660,1661,1664,1666,1673,1674,1675,1676,1677,1678,1679,1681,1684,1685,1686,1687,1692,1693,1694,1695,1696,1697,1698,1699,1701,1702,1705,1706,1708,1710,1711,1713,1714,1718,1719,1720,1721,1722,1723,1726,1727,1729,1730,1732,1733,1735,1736,1738,1740,1741,1742,1743,1746,1749,1750,1752,1753,1755,1756,1757,1759,1760,1761,1762,1764,1766,1767,1770,1771,1772,1775,1776,1779,1781,1782,1785,1787,1788,1789,1791,1792,1793,1794,1796,1797,1799,1801,1806,1809,1814,1817,1818,1820,1821,1825,1827,1828,1832,1837,1839,1840,1841,1845,1846,1851,1859,1862,1864,1867,1868,1869,1870,1872,1873,1878,1879,1880,1881,1886,1890,1891,1892,1893,1894,1897,1898,1899,1901,1902,1903,1904,1905,1906,1908,1909,1913,1914,1917,1918,1921,1922,1923,1926,1927,1928,1929,1933,1934,1935,1937,1938,1939,1943,1944,1946,1949,1956,1961,1963,1964,1965,1967,1969,1970,1971,1974,1978,1980,1981,1983,1986,1992,1994,1996,1997,1998,1999,2002,2007,2008,2010,2011,2013,2014,2015,2016,2019,2023,2026,2028,2031,2035,2036,2037,2038,2042,2043,2044,2047,2050,2052,2053,2055,2058,2060,2062,2064,2068,2078,2080,2081,2084,2085,2086,2091,2093,2094,2097,2099,2131,2192,2200,2227,2237,2247,2252,2260,2266,2271,2295,2297,2346,2348,2367,2377,2378,2387,2452,2479,2487,2500,2501,2518,2630,2647,2690,2730,2788,2801,2817,2844,2881,2890,2966
4,96,15,28,36,42,60,69,82,89,90,111,116,119,142,153,162,170,181,182,187,195,213,219,230,233,252,256,265,282,289,290,338,349,355,365,373,376,393,398,429,464,473,475,476,483,487,509,510,513,514,524,528,537,547,550,576,586,587,588,609,619,624,627,659,671,675,676,686,707,719,739,740,763,767,781,786,821,830,843,852,854,866,868,928,934,993,1026,1038,1076,1090,1173,1174,1175,1177,1612,1747,1780
5,96,29,35,38,70,72,75,76,112,118,132,134,136,154,172,191,193,199,212,223,235,244,246,264,298,302,313,316,318,319,321,343,346,367,416,425,434,436,453,472,474,478,482,484,490,508,512,539,548,553,557,561,562,571,622,626,645,649,673,680,682,722,736,749,752,766,773,809,818,826,827,829,831,840,849,856,880,885,923,958,997,1015,1027,1037,1056,1061,1065,1093,1124,1463,1467,1514,1856,1885,1936,2017,2018
6,192,33,41,48,49,50,59,67,73,77,79,84,88,96,102,103,106,115,117,140,143,155,163,165,168,174,184,189,204,214,222,232,238,239,240,248,250,260,274,275,276,285,288,308,324,336,339,351,354,356,358,363,366,370,371,386,394,409,412,413,423,426,431,439,442,445,447,458,459,461,465,469,485,488,489,493,494,497,516,522,526,529,530,533,543,552,555,574,578,583,584,601,603,607,614,620,623,633,634,636,641,642,643,644,652,658,666,667,668,674,677,678,692,702,704,705,710,717,718,720,724,730,742,744,750,756,759,761,764,775,777,789,791,799,805,807,816,817,824,832,833,834,851,855,860,862,867,870,875,878,884,887,888,891,895,900,1001,1004,1012,1016,1040,1041,1053,1069,1074,1079,1091,1112,1114,1151,1163,1179,1180,1181,1193,1212,1220,1298,1401,1428,1484,1548,1588,1599,1672,1690,1728,1744,1751,1769,1915,2005,2045
7,1296,305,335,384,449,632,684,873,890,917,939,944,957,962,963,967,971,972,974,977,980,1000,1017,1019,1030,1043,1048,1051,1068,1073,1123,1136,1141,1162,1167,1171,1192,1250,1251,1264,1269,1288,1290,1296,1303,1317,1320,1335,1337,1343,1348,1349,1350,1368,1388,1395,1402,1422,1431,1435,1440,1448,1457,1460,1465,1466,1470,1505,1507,1509,1545,1563,1565,1581,1586,1600,1608,1615,1624,1627,1642,1668,1688,1689,1704,1709,1715,1737,1758,1763,1768,1774,1802,1803,1804,1805,1807,1808,1811,1819,1823,1826,1829,1831,1833,1834,1838,1842,1844,1848,1850,1853,1854,1855,1860,1866,1871,1875,1876,1877,1882,1883,1888,1896,1900,1910,1911,1912,1919,1920,1940,1941,1942,1948,1951,1952,1953,1954,1958,1960,1962,1968,1973,1976,1977,1979,1984,1985,1991,1993,2001,2012,2020,2021,2022,2024,2025,2027,2030,2033,2034,2041,2046,2048,2049,2054,2056,2057,2063,2065,2066,2069,2070,2071,2073,2076,2079,2082,2083,2087,2088,2090,2095,2096,2100,2101,2103,2105,2106,2107,2109,2111,2113,2114,2115,2117,2118,2119,2120,2121,2122,2123,2125,2126,2127,2130,2132,2133,2135,2137,2138,2141,2142,2143,2144,2145,2146,2148,2150,2151,2152,2153,2154,2155,2156,2157,2159,2160,2161,2162,2163,2164,2165,2167,2168,2169,2170,2171,2172,2173,2174,2175,2177,2179,2181,2182,2184,2185,2186,2187,2189,2190,2193,2194,2195,2196,2197,2198,2199,2203,2205,2206,2211,2212,2213,2214,2217,2218,2221,2222,2223,2225,2226,2228,2229,2230,2232,2233,2234,2235,2236,2239,2242,2243,2244,2245,2246,2248,2249,2250,2253,2255,2256,2258,2259,2262,2265,2267,2268,2269,2270,2272,2273,2274,2275,2276,2278,2280,2281,2282,2283,2284,2287,2289,2290,2291,2292,2293,2294,2296,2299,2300,2301,2305,2306,2307,2308,2311,2312,2313,2316,2318,2319,2322,2324,2325,2327,2332,2333,2334,2336,2337,2339,2340,2341,2342,2344,2345,2349,2352,2355,2356,2357,2358,2359,2360,2361,2362,2363,2365,2366,2368,2371,2372,2373,2374,2379,2380,2381,2382,2383,2389,2390,2391,2392,2394,2395,2396,2397,2398,2399,2401,2402,2404,2409,2410,2411,2412,2413,2414,2415,2417,2418,2419,2420,2421,2422,2423,2424,2425,2427,2430,2431,2433,2434,2435,2436,2437,2438,2439,2440,2442,2444,2445,2447,2448,2449,2450,2453,2454,2455,2456,2457,2458,2461,2462,2463,2464,2465,2466,2467,2468,2470,2471,2474,2475,2477,2480,2481,2484,2485,2486,2488,2489,2490,2491,2492,2494,2496,2498,2499,2503,2504,2505,2506,2510,2513,2514,2515,2516,2519,2520,2521,2522,2523,2524,2525,2526,2528,2529,2530,2532,2534,2535,2537,2538,2541,2542,2543,2545,2546,2548,2550,2551,2552,2553,2554,2555,2557,2558,2559,2561,2563,2564,2567,2568,2570,2573,2574,2575,2576,2577,2578,2579,2580,2581,2582,2583,2585,2587,2589,2590,2591,2592,2595,2597,2598,2600,2601,2602,2604,2606,2607,2608,2609,2610,2612,2613,2614,2616,2617,2619,2620,2621,2622,2623,2624,2626,2628,2632,2635,2636,2637,2638,2639,2640,2641,2643,2645,2646,2648,2649,2650,2652,2654,2656,2657,2660,2661,2662,2663,2664,2665,2666,2667,2669,2671,2672,2675,2676,2677,2678,2679,2680,2681,2682,2684,2687,2693,2694,2695,2696,2699,2700,2701,2702,2704,2706,2708,2709,2710,2711,2712,2713,2714,2715,2716,2719,2720,2721,2722,2723,2724,2725,2726,2727,2728,2729,2731,2733,2734,2735,2736,2739,2740,2741,2742,2743,2746,2747,2748,2750,2751,2752,2755,2757,2758,2760,2761,2763,2764,2765,2769,2771,2772,2773,2774,2775,2776,2777,2778,2780,2781,2782,2783,2784,2785,2789,2790,2792,2795,2798,2799,2802,2803,2806,2807,2808,2809,2810,2812,2813,2814,2819,2820,2821,2822,2823,2824,2825,2826,2827,2828,2829,2831,2832,2833,2834,2837,2838,2839,2840,2842,2843,2845,2846,2847,2848,2852,2853,2856,2857,2858,2859,2863,2864,2865,2866,2867,2868,2869,2870,2872,2873,2874,2876,2878,2879,2880,2883,2884,2885,2886,2891,2893,2894,2895,2896,2897,2898,2899,2901,2902,2904,2906,2907,2908,2909,2910,2911,2912,2913,2915,2916,2917,2919,2921,2922,2923,2924,2927,2928,2929,2931,2932,2933,2936,2938,2939,2940,2941,2942,2944,2945,2946,2948,2949,2950,2951,2952,2953,2954,2955,2956,2957,2960,2961,2963,2964,2965,2968,2969,2970,2971,2973,2975,2976,2978,2979,2980,2981,2982,2984,2989,2992,2993,2994,2995,2996,2997,2999,3000,3002,3005,3006,3007,3008,3011,3012,3014,3015,3018,3019,3023,3025,3028,3032,3036,3038,3039,3042,3043,3045,3046,3048,3049,3050,3051,3054,3055,3056,3059,3063,3065,3066,3067,3070,3072,3074,3076,3077,3079,3080,3081,3083,3084,3086,3092,3094,3098,3099,3100,3101,3105,3107,3112,3113,3115,3116,3117,3120,3123,3125,3126,3127,3130,3131,3132,3133,3134,3135,3136,3137,3139,3140,3143,3144,3145,3146,3149,3150,3151,3153,3154,3155,3157,3158,3170,3171,3172,3175,3178,3180,3184,3185,3186,3189,3192,3194,3195,3196,3200,3202,3203,3206,3207,3213,3214,3215,3217,3219,3221,3222,3224,3225,3228,3230,3234,3236,3237,3240,3241,3244,3247,3249,3250,3251,3252,3255,3256,3257,3260,3261,3263,3267,3273,3278,3283,3286,3287,3288,3289,3290,3293,3294,3297,3299,3302,3305,3307,3308,3309,3310,3311,3312,3314,3317,3318,3319,3320,3324,3325,3329,3330,3332,3333,3336,3338,3340,3342,3343,3344,3345,3348,3353,3354,3355,3356,3360,3364,3368,3374,3375,3376,3377,3380,3383,3384,3385,3386,3387,3396,3398,3401,3404,3406,3408,3409,3410,3413,3415,3416,3422,3423,3424,3427,3428,3429,3430,3431,3434,3436,3438,3440,3445,3448,3449,3450,3455,3456,3460,3461,3462,3464,3466,3467,3470,3471,3472,3474,3475,3476,3478,3480,3481,3482,3486,3487,3493,3494,3497,3498,3499,3501,3502,3503,3504,3505,3507,3509,3510,3516,3517,3518,3519,3526,3527,3528,3530,3532,3534,3535,3537,3541,3542,3545,3546,3548,3549,3550,3551,3553,3555,3561,3562,3566,3568,3571,3573,3574,3575,3576,3577,3578,3580,3582,3586,3587,3588,3589,3591,3592,3596,3598,3602,3603,3609,3611,3613,3615,3618,3619,3620,3623,3624,3628,3629,3634,3636,3637,3640,3641,3642,3643,3645,3646,3650,3651,3657,3659,3660,3662,3664,3665,3666,3668,3669,3671,3672,3674,3676,3677,3678,3680,3681,3682,3689,3690,3693,3696,3698,3700,3705,3709,3712,3714,3715,3719,3721,3722,3727,3728,3729,3732,3733,3736,3740,3744,3745,3747,3749,3752,3756,3757,3759,3761,3762,3763,3764,3767,3770,3771,3772,3773,3774,3776,3777,3784,3785,3786,3788,3789,3795,3797,3798,3799,3802,3803,3805,3809,3811,3812,3813,3816,3818,3819,3820,3821,3823,3824,3825,3827,3828,3830,3832,3836,3837,3838,3839,3841,3842,3844,3846,3848,3850,3851,3853,3855,3857,3860,3863,3870,3877,3880,3883,3884,3886,3891,3893,3896,3899,3910,3915,3916,3922,3923,3928,3937,3938,3942,3943,3945,3948,3958,3972,3989,3998,4000,4002,4012,4018,4019,4039,4041,4047,4054,4059,4061,4062,4073,4074,4077,4087,4089,4092,4096,4103,4105,4113,4121,4124,4127,4129,4154,4155,4156,4159,4161,4179,4186,4187,4195,4197,4224,4253,4375,4379,4410,4417,4424,4444,4451,4480,4556,4634,4652,4696,4732,4783,4788,4799,4842,4862,4872,4876,4923,5079
8,432,1050,1226,1229,1387,1390,1526,1596,1641,1691,1700,1712,1800,1830,1835,1836,1847,1849,1852,1857,1861,1863,1865,1874,1884,1889,1895,1907,1924,1925,1932,1947,1950,1957,1966,1988,1995,2000,2003,2032,2039,2040,2072,2077,2102,2104,2108,2110,2116,2124,2134,2136,2139,2140,2158,2166,2176,2180,2183,2188,2191,2201,2202,2204,2207,2208,2209,2215,2216,2219,2220,2224,2231,2240,2251,2254,2257,2261,2263,2264,2277,2279,2286,2298,2302,2303,2304,2309,2310,2314,2315,2317,2320,2321,2323,2326,2328,2329,2330,2331,2335,2338,2343,2347,2350,2353,2354,2364,2369,2370,2376,2384,2386,2393,2403,2405,2406,2407,2408,2416,2428,2429,2432,2441,2446,2451,2459,2460,2469,2472,2473,2476,2483,2493,2497,2502,2507,2508,2509,2511,2517,2527,2531,2544,2547,2549,2556,2562,2565,2569,2572,2584,2586,2588,2593,2596,2599,2603,2611,2615,2618,2625,2629,2631,2633,2634,2642,2644,2651,2653,2655,2658,2659,2668,2670,2673,2674,2685,2686,2688,2689,2691,2692,2698,2703,2705,2707,2717,2718,2732,2737,2738,2744,2745,2753,2754,2756,2759,2762,2767,2768,2779,2786,2787,2791,2793,2794,2796,2800,2804,2805,2811,2815,2816,2818,2830,2835,2836,2849,2850,2851,2854,2855,2861,2862,2871,2875,2877,2882,2888,2889,2900,2905,2914,2918,2920,2925,2930,2934,2935,2943,2947,2958,2959,2962,2967,2972,2974,2977,2983,2985,2986,2987,2988,2991,2998,3010,3020,3021,3022,3024,3029,3030,3031,3033,3035,3044,3053,3071,3088,3096,3106,3108,3111,3114,3121,3128,3129,3142,3160,3163,3167,3176,3177,3183,3197,3198,3204,3210,3212,3216,3220,3223,3229,3238,3254,3266,3271,3272,3275,3279,3285,3291,3296,3301,3303,3315,3316,3321,3335,3347,3350,3361,3367,3369,3370,3373,3378,3382,3391,3392,3394,3407,3412,3414,3419,3420,3433,3442,3458,3459,3485,3489,3491,3495,3512,3514,3520,3523,3524,3529,3538,3540,3552,3558,3563,3564,3569,3579,3584,3585,3593,3595,3600,3601,3612,3617,3626,3631,3638,3639,3655,3673,3685,3688,3691,3695,3702,3706,3711,3716,3717,3720,3723,3730,3731,3735,3743,3748,3760,3765,3766,3768,3769,3778,3779,3780,3782,3791,3793,3800,3807,3817,3847,3849,3856,3861,3862,3866,3867,3875,3888,3897,3914,3920,3924,3961,3973,3979,4003,4006,4008,4009,4010,4033,4068,4093,4095,4107,4109,4134,4138,4141,4142,4150,4176,4183,4305,4341,4570,4630,4719,4734
10,192,2210,2285,2426,2482,2512,2540,2560,2627,2683,2749,2797,2841,2860,2887,2892,3004,3013,3026,3037,3047,3052,3057,3058,3061,3068,3095,3097,3104,3110,3118,3119,3124,3147,3148,3156,3162,3165,3169,3174,3181,3182,3191,3209,3218,3227,3232,3242,3253,3258,3262,3268,3270,3276,3282,3292,3295,3306,3322,3326,3327,3331,3337,3346,3351,3357,3359,3365,3366,3371,3381,3388,3390,3393,3395,3397,3400,3403,3405,3411,3418,3421,3426,3435,3441,3443,3444,3446,3452,3454,3457,3463,3468,3469,3477,3483,3484,3500,3515,3521,3525,3531,3536,3543,3547,3554,3557,3560,3583,3590,3605,3616,3627,3632,3656,3663,3670,3679,3683,3687,3692,3697,3699,3703,3707,3725,3738,3739,3742,3751,3753,3754,3792,3794,3796,3801,3804,3806,3814,3826,3831,3833,3845,3852,3858,3859,3865,3868,3869,3872,3874,3876,3878,3879,3881,3882,3885,3887,3898,3904,3935,3939,3953,3954,3969,3975,3978,3981,3993,3994,4026,4031,4045,4048,4051,4057,4058,4098,4133,4198,4199,4262,4438,4499,4583,4628,4702,4749,4779,4835,4894,4921,5021
11,1296,1816,2128,2178,2238,2385,2443,2533,2536,2539,2566,2571,2594,2605,2697,2766,2770,2903,2926,2937,2990,3001,3003,3009,3016,3017,3027,3034,3040,3041,3060,3062,3064,3069,3073,3075,3078,3082,3085,3087,3089,3090,3091,3093,3102,3103,3109,3122,3138,3141,3152,3159,3161,3164,3166,3168,3173,3179,3187,3188,3190,3193,3199,3201,3205,3208,3211,3226,3231,3233,3235,3239,3243,3245,3246,3248,3259,3264,3265,3269,3274,3277,3280,3281,3284,3298,3300,3304,3313,3323,3328,3334,3339,3341,3349,3352,3358,3362,3363,3372,3379,3389,3399,3402,3417,3425,3432,3437,3439,3447,3451,3453,3465,3473,3479,3488,3490,3492,3496,3506,3508,3511,3513,3522,3533,3539,3544,3556,3559,3565,3567,3570,3572,3581,3594,3597,3599,3604,3606,3607,3608,3610,3614,3621,3622,3625,3630,3633,3635,3644,3647,3648,3649,3652,3653,3654,3658,3661,3667,3675,3684,3686,3694,3701,3704,3708,3710,3713,3718,3724,3726,3734,3737,3741,3746,3750,3755,3758,3775,3781,3783,3787,3790,3808,3810,3815,3822,3829,3834,3835,3840,3843,3854,3864,3871,3873,3889,3890,3892,3894,3895,3900,3901,3902,3903,3905,3906,3907,3908,3909,3911,3912,3913,3917,3918,3919,3921,3925,3926,3927,3929,3930,3931,3932,3933,3934,3936,3940,3941,3944,3946,3947,3949,3950,3951,3952,3955,3956,3957,3960,3962,3963,3964,3965,3966,3967,3968,3970,3971,3974,3976,3977,3980,3983,3985,3986,3987,3988,3990,3991,3992,3995,3997,3999,4001,4004,4005,4007,4011,4013,4014,4015,4016,4017,4020,4021,4022,4024,4025,4027,4029,4030,4032,4034,4035,4036,4037,4038,4040,4042,4043,4044,4046,4049,4050,4052,4053,4055,4056,4060,4063,4064,4065,4066,4067,4069,4070,4071,4072,4075,4078,4079,4080,4081,4082,4083,4084,4085,4086,4088,4090,4091,4094,4097,4099,4101,4102,4108,4110,4111,4112,4114,4115,4116,4117,4118,4119,4120,4122,4123,4125,4126,4128,4130,4131,4132,4135,4136,4137,4139,4140,4144,4145,4146,4147,4148,4149,4151,4152,4153,4157,4158,4160,4162,4163,4164,4166,4167,4168,4169,4171,4172,4173,4174,4175,4177,4178,4180,4181,4182,4184,4185,4188,4189,4190,4191,4192,4193,4201,4202,4204,4205,4206,4207,4208,4209,4210,4211,4212,4213,4214,4215,4217,4218,4219,4220,4221,4222,4223,4225,4226,4227,4228,4229,4230,4231,4233,4234,4235,4236,4237,4238,4239,4240,4241,4242,4243,4244,4246,4248,4249,4250,4251,4252,4254,4255,4256,4257,4258,4259,4260,4261,4263,4264,4265,4266,4267,4268,4269,4270,4271,4272,4273,4274,4275,4277,4278,4279,4280,4281,4282,4284,4285,4286,4287,4288,4289,4290,4292,4293,4294,4295,4296,4297,4298,4299,4300,4301,4302,4303,4304,4306,4307,4308,4309,4310,4311,4312,4313,4314,4315,4316,4317,4318,4319,4320,4321,4322,4323,4324,4325,4327,4328,4330,4332,4333,4334,4335,4336,4337,4338,4339,4340,4342,4343,4344,4345,4346,4347,4348,4350,4351,4352,4353,4354,4355,4356,4358,4359,4360,4361,4362,4363,4366,4367,4368,4369,4370,4371,4372,4373,4377,4378,4381,4382,4383,4384,4385,4386,4387,4388,4389,4390,4391,4392,4393,4394,4395,4397,4398,4399,4400,4401,4402,4403,4404,4405,4406,4407,4408,4409,4412,4413,4414,4415,4416,4418,4420,4421,4422,4423,4425,4426,4427,4428,4430,4431,4432,4433,4434,4435,4436,4437,4439,4441,4442,4443,4445,4446,4447,4448,4449,4450,4452,4453,4454,4455,4456,4457,4458,4460,4462,4463,4464,4465,4466,4467,4468,4470,4471,4472,4473,4474,4475,4476,4477,4478,4479,4481,4482,4483,4484,4485,4486,4487,4488,4489,4490,4492,4493,4495,4500,4501,4502,4503,4504,4505,4506,4507,4508,4509,4510,4511,4512,4513,4514,4515,4516,4517,4518,4520,4521,4523,4524,4525,4526,4527,4528,4529,4530,4531,4532,4535,4536,4537,4538,4539,4540,4541,4542,4543,4544,4545,4546,4547,4550,4551,4552,4553,4554,4555,4558,4559,4560,4561,4562,4563,4564,4565,4566,4567,4568,4569,4571,4572,4573,4574,4575,4576,4577,4578,4579,4580,4581,4582,4584,4585,4586,4587,4588,4589,4590,4591,4592,4593,4594,4595,4596,4597,4598,4599,4600,4601,4602,4603,4604,4605,4606,4607,4608,4609,4612,4613,4614,4615,4616,4617,4618,4619,4620,4621,4622,4623,4624,4625,4626,4627,4631,4632,4633,4635,4636,4637,4638,4639,4640,4642,4643,4644,4645,4646,4648,4649,4650,4651,4653,4654,4655,4656,4657,4658,4659,4660,4664,4665,4666,4667,4668,4669,4670,4671,4672,4674,4675,4676,4677,4678,4679,4680,4681,4682,4683,4684,4685,4686,4687,4688,4689,4690,4691,4692,4693,4694,4695,4697,4698,4700,4701,4703,4705,4706,4707,4710,4711,4712,4713,4714,4715,4716,4718,4720,4721,4723,4724,4725,4726,4727,4728,4729,4730,4731,4733,4735,4736,4737,4738,4739,4740,4741,4742,4743,4744,4745,4746,4747,4748,4750,4751,4752,4753,4754,4755,4756,4757,4758,4759,4760,4761,4762,4763,4764,4765,4766,4767,4768,4769,4770,4771,4772,4773,4774,4775,4776,4778,4780,4781,4782,4784,4785,4786,4787,4789,4790,4791,4792,4793,4794,4795,4796,4797,4798,4803,4804,4805,4807,4808,4809,4810,4811,4813,4815,4816,4818,4819,4821,4822,4823,4825,4827,4829,4830,4832,4833,4836,4837,4838,4839,4847,4849,4850,4851,4852,4853,4854,4855,4856,4857,4861,4863,4864,4866,4867,4868,4870,4873,4874,4875,4877,4878,4879,4880,4881,4883,4885,4886,4887,4890,4891,4892,4895,4896,4897,4900,4901,4902,4905,4906,4907,4908,4909,4910,4912,4913,4915,4916,4917,4919,4920,4922,4924,4925,4927,4928,4929,4932,4933,4935,4936,4937,4940,4941,4942,4943,4944,4947,4948,4949,4953,4954,4955,4956,4957,4959,4960,4961,4962,4968,4969,4970,4971,4972,4973,4974,4975,4976,4977,4978,4979,4980,4981,4982,4983,4985,4987,4988,4989,4990,4991,4992,4994,4995,4997,4998,5000,5003,5004,5006,5007,5008,5009,5011,5012,5013,5014,5016,5017,5018,5019,5022,5024,5025,5026,5027,5029,5030,5031,5032,5033,5034,5035,5036,5037,5038,5039,5040,5042,5043,5045,5046,5047,5048,5049,5050,5054,5055,5056,5057,5059,5061,5062,5066,5067,5068,5069,5072,5073,5075,5076,5077,5078,5080,5081,5082,5083,5084,5086,5088,5089,5090,5091,5092,5093,5094,5095,5096,5099,5100,5102,5110,5111,5112,5123,5138,5139,5143,5146,5152,5158,5167,5170,5173,5174,5182,5187,5189,5195,5198,5199,5200,5203,5204,5207,5211,5220,5232,5234,5235,5242,5244,5246,5247,5249,5253,5261,5270,5279,5288,5293,5294,5301,5303,5315,5319,5327,5330,5339,5343,5352,5355,5358,5359,5363,5366,5367,5370,5380,5396,5397,5399,5400,5406,5408,5412,5414,5419,5422,5427,5431,5437,5438,5442,5452,5453,5454,5455,5459,5474,5475,5476,5484,5485,5486,5488,5491,5495,5496,5506,5516,5518,5524,5527,5532,5541,5542,5543,5561,5565,5567,5572,5592,5607,5611,5613,5616,5625,5627,5631,5632,5635,5636,5639,5642,5643,5648,5650,5651,5654,5656,5662,5665,5667,5671,5672,5675,5685,5689,5693,5696,5699,5700,5701,5707,5730,5746,5756,5784,5786,5792,5795,5796,5797,5803,5809,5813,5821,5824,5825,5829,5832,5841,5843,5844,5845,5852,5856,5857,5870,5876,5881,5885,5890,5899,5902,5904,5909,5911,5915,5920,5923,5924,5925,5926,5943,5950,5952,5954,5957,5958,5965,5967,5968,5979,5983,5986,5990,5993,5999
13,288,3959,3982,3996,4028,4143,4170,4194,4203,4216,4232,4245,4247,4349,4365,4374,4411,4440,4469,4496,4548,4629,4641,4661,4699,4704,4709,4800,4802,4820,4828,4841,4845,4848,4865,4889,4893,4914,4918,4934,4950,4952,4958,4963,5020,5028,5044,5058,5060,5063,5064,5065,5103,5108,5114,5115,5118,5119,5120,5121,5124,5125,5127,5129,5130,5136,5156,5157,5159,5161,5164,5165,5171,5172,5180,5181,5183,5184,5191,5196,5201,5209,5213,5214,5217,5222,5225,5228,5236,5240,5250,5251,5254,5256,5258,5260,5263,5268,5272,5275,5276,5282,5286,5289,5290,5296,5298,5300,5307,5314,5320,5322,5323,5329,5331,5333,5334,5336,5347,5348,5349,5350,5353,5356,5357,5364,5368,5372,5373,5374,5377,5381,5383,5388,5391,5393,5395,5403,5407,5409,5410,5418,5424,5425,5426,5428,5429,5433,5435,5444,5445,5447,5449,5450,5451,5456,5457,5458,5460,5462,5467,5468,5470,5478,5480,5482,5490,5498,5499,5500,5505,5509,5510,5512,5520,5523,5531,5539,5545,5550,5552,5555,5560,5564,5568,5574,5575,5580,5584,5591,5597,5609,5618,5621,5626,5629,5646,5647,5655,5657,5658,5660,5663,5670,5676,5677,5678,5684,5688,5705,5706,5708,5710,5712,5716,5718,5723,5725,5728,5729,5735,5739,5740,5742,5747,5749,5750,5753,5759,5762,5763,5765,5766,5772,5775,5778,5785,5791,5798,5802,5805,5806,5808,5811,5812,5818,5822,5827,5830,5838,5842,5846,5848,5851,5866,5873,5877,5879,5880,5887,5888,5889,5892,5896,5897,5905,5908,5910,5912,5918,5919,5921,5922,5934,5936,5941,5942,5946,5951,5959,5969,5974,5975,5977,5981,5984,5987,5988,5998
14,192,3984,4283,4291,4357,4380,4419,4459,4497,4519,4534,4611,4662,4673,4777,4806,4812,4824,4831,4844,4846,4858,4859,4860,4871,4888,4911,4926,4931,4939,4945,4951,4964,4965,4966,4993,4996,5010,5015,5052,5053,5071,5098,5101,5113,5134,5135,5144,5150,5151,5163,5166,5169,5175,5176,5179,5193,5197,5206,5210,5216,5219,5221,5223,5230,5233,5243,5252,5257,5264,5269,5271,5280,5285,5291,5295,5306,5308,5309,5313,5316,5340,5362,5371,5378,5382,5385,5387,5389,5390,5392,5413,5415,5416,5417,5420,5421,5443,5463,5466,5479,5481,5487,5492,5502,5503,5504,5514,5525,5534,5536,5537,5538,5540,5544,5556,5557,5562,5563,5569,5570,5588,5596,5604,5612,5619,5622,5623,5624,5628,5638,5640,5645,5649,5652,5653,5661,5669,5679,5683,5686,5691,5692,5695,5698,5704,5711,5715,5720,5724,5731,5732,5734,5737,5741,5743,5754,5757,5769,5781,5787,5807,5816,5820,5823,5826,5828,5849,5858,5859,5861,5863,5865,5874,5883,5886,5893,5894,5898,5906,5907,5913,5914,5916,5917,5930,5937,5938,5939,5953,5961,5976,5996
16,48,4076,4326,4396,4533,4557,4647,4663,4717,4898,4899,4984,5005,5023,5070,5188,5283,5284,5302,5325,5351,5430,5436,5497,5515,5528,5551,5553,5586,5599,5674,5681,5714,5733,5764,5767,5773,5777,5779,5835,5836,5839,5847,5875,5895,5948,5970,5980,5997
17,72,4106,4549,4708,4840,4843,4882,4967,5002,5097,5137,5140,5153,5177,5190,5215,5248,5255,5278,5317,5338,5341,5369,5376,5405,5423,5439,5464,5472,5477,5493,5494,5526,5548,5566,5571,5577,5587,5593,5605,5610,5617,5633,5637,5703,5726,5738,5744,5751,5752,5760,5774,5782,5788,5789,5793,5833,5840,5853,5855,5862,5867,5882,5901,5927,5929,5940,5945,5947,5963,5972,5982,5992
18,80,4165,4276,4331,4491,4494,4814,4826,4834,4930,4946,5001,5085,5087,5109,5117,5122,5131,5148,5154,5162,5168,5178,5185,5205,5224,5231,5238,5239,5241,5259,5262,5273,5277,5299,5311,5318,5332,5335,5342,5344,5345,5361,5384,5386,5394,5398,5401,5434,5522,5546,5547,5578,5582,5598,5601,5608,5620,5630,5641,5659,5664,5666,5680,5687,5702,5727,5748,5776,5783,5794,5800,5804,5814,5903,5935,5949,5955,5962,5964,5978
19,8,4364,5107,5126,5128,5237,5281,5508,5717
20,576,4329,4461,4522,4817,4938,5041,5104,5132,5192,5274,5297,5305,5312,5321,5326,5337,5379,5441,5461,5489,5513,5519,5521,5558,5576,5594,5595,5603,5614,5697,5719,5722,5745,5755,5768,5790,5815,5831,5834,5850,5868,5872,5878,5900,5944,5956,5966,5989,6001,6005,6008,6011,6012,6018,6022,6025,6028,6030,6031,6032,6034,6035,6042,6047,6050,6052,6059,6062,6064,6065,6067,6072,6073,6074,6078,6079,6082,6083,6085,6087,6089,6101,6103,6106,6108,6111,6115,6116,6119,6124,6126,6134,6136,6140,6143,6145,6148,6149,6150,6154,6159,6161,6162,6163,6178,6181,6183,6184,6187,6188,6189,6190,6195,6196,6197,6204,6207,6213,6215,6218,6220,6223,6226,6228,6237,6240,6246,6247,6250,6251,6253,6254,6257,6258,6263,6265,6266,6268,6271,6272,6274,6276,6280,6285,6289,6291,6292,6293,6300,6303,6304,6313,6323,6324,6326,6334,6335,6338,6347,6352,6363,6377,6379,6380,6382,6383,6386,6389,6391,6400,6401,6404,6405,6408,6410,6412,6413,6414,6418,6421,6423,6425,6426,6427,6431,6435,6440,6443,6453,6456,6457,6459,6460,6462,6472,6478,6479,6480,6482,6486,6488,6490,6491,6493,6498,6501,6505,6507,6510,6524,6526,6527,6529,6534,6537,6540,6541,6543,6544,6548,6549,6551,6553,6556,6557,6569,6571,6581,6582,6583,6584,6588,6591,6592,6593,6594,6595,6597,6601,6602,6603,6604,6607,6614,6617,6619,6620,6622,6625,6627,6630,6633,6635,6642,6647,6650,6652,6655,6658,6662,6665,6666,6667,6669,6670,6672,6676,6679,6682,6687,6691,6693,6694,6699,6702,6703,6714,6716,6719,6720,6722,6724,6726,6728,6731,6733,6735,6737,6742,6747,6750,6753,6755,6758,6759,6764,6765,6766,6767,6772,6785,6787,6789,6791,6792,6793,6795,6801,6804,6808,6814,6817,6821,6825,6830,6831,6832,6840,6843,6844,6845,6847,6851,6852,6857,6864,6874,6887,6888,6890,6891,6893,6894,6895,6908,6911,6916,6917,6919,6921,6925,6931,6942,6944,6947,6948,6953,6956,6957,6960,6961,6962,6964,6973,6974,6982,6988,6995,6996,7000,7001,7002,7007,7012,7021,7027,7029,7038,7043,7044,7047,7048,7049,7053,7057,7058,7059,7061,7070,7080,7081,7083,7087,7088,7092,7101,7102,7115,7120,7122,7124,7125,7139,7142,7147,7148,7149,7152,7156,7159,7160,7161,7172,7175,7179,7180,7184,7187,7192,7193,7197,7210,7215,7216,7223,7225,7227,7243,7247,7248,7264,7268,7272,7282,7297,7298,7302,7303,7304,7313,7318,7330,7340,7341,7343,7355,7371,7381,7392,7396,7402,7417,7421,7429,7431,7433,7435,7438,7441,7442,7447,7457,7461,7464,7465,7474,7475,7477,7484,7488,7491,7493,7494,7495,7496,7501,7509,7511,7512,7515,7517,7518,7519,7520,7527,7530,7539,7545,7546,7553,7554,7567,7569,7574,7579,7583,7587,7592,7596,7605,7611,7628,7629,7638,7639,7645,7646,7647,7653,7663,7666,7667,7668,7669,7679,7684,7687,7691,7695,7700,7711,7715,7718,7722,7728,7731,7733,7738,7742,7751,7755,7758,7760,7764,7768,7771,7778,7781,7785,7792,7794,7798,7799,7800,7802,7808,7812,7815,7826,7827,7841,7849,7852,7853,7855,7857,7863,7873,7877,7880,7888,7889,7891,7897,7901,7925,7926,7928,7932,7947,7949,7978,7998,8005,8012,8016,8050,8058,8060,8061,8070,8080,8082,8097,8101,8116
21,1152,4023,4100,4104,4196,4200,4376,4429,4498,4610,4722,4801,4869,4884,4903,4904,4986,4999,5051,5074,5105,5106,5116,5133,5141,5142,5145,5147,5149,5155,5160,5186,5194,5202,5208,5212,5218,5226,5227,5229,5245,5265,5266,5267,5287,5292,5304,5310,5324,5328,5346,5354,5360,5365,5375,5402,5404,5411,5432,5440,5446,5448,5465,5469,5471,5473,5483,5501,5507,5511,5517,5529,5530,5533,5535,5549,5554,5559,5573,5579,5581,5583,5585,5589,5590,5600,5602,5606,5615,5634,5644,5668,5673,5682,5690,5694,5709,5713,5721,5736,5758,5761,5770,5771,5780,5799,5801,5810,5817,5819,5837,5854,5860,5864,5869,5871,5884,5891,5928,5931,5932,5933,5960,5971,5973,5985,5991,5994,5995,6000,6002,6003,6004,6006,6007,6009,6010,6013,6014,6015,6016,6017,6019,6020,6021,6023,6024,6026,6027,6029,6033,6036,6037,6039,6041,6043,6044,6045,6046,6048,6049,6051,6053,6054,6055,6056,6057,6058,6060,6061,6063,6066,6069,6070,6071,6075,6076,6077,6080,6081,6084,6086,6088,6090,6091,6092,6093,6094,6095,6096,6097,6098,6099,6100,6102,6104,6105,6107,6109,6110,6112,6113,6114,6117,6118,6121,6122,6123,6125,6127,6128,6129,6130,6131,6132,6133,6135,6137,6138,6139,6141,6144,6146,6151,6152,6153,6155,6156,6157,6158,6160,6164,6165,6166,6167,6168,6169,6170,6171,6172,6173,6174,6175,6176,6177,6179,6180,6182,6185,6186,6191,6192,6193,6198,6199,6200,6201,6202,6205,6206,6208,6209,6210,6211,6212,6216,6217,6221,6222,6224,6225,6227,6229,6230,6231,6232,6233,6234,6235,6236,6238,6239,6241,6242,6243,6244,6245,6248,6249,6252,6255,6256,6259,6260,6262,6264,6267,6269,6270,6273,6275,6277,6278,6281,6282,6283,6284,6286,6287,6288,6290,6294,6295,6296,6297,6298,6299,6301,6302,6305,6306,6307,6308,6309,6310,6311,6312,6314,6315,6316,6317,6318,6319,6320,6321,6322,6325,6327,6328,6329,6330,6332,6333,6336,6337,6339,6340,6341,6342,6343,6344,6345,6346,6348,6349,6350,6351,6353,6354,6355,6356,6357,6358,6359,6360,6361,6362,6364,6365,6367,6368,6369,6370,6371,6372,6373,6374,6376,6378,6381,6384,6385,6387,6388,6390,6392,6393,6394,6395,6397,6398,6399,6402,6407,6409,6411,6416,6417,6419,6420,6422,6428,6429,6430,6432,6433,6436,6437,6438,6439,6441,6442,6444,6445,6446,6447,6448,6450,6451,6452,6454,6455,6458,6461,6463,6464,6465,6466,6467,6468,6469,6470,6471,6473,6474,6475,6476,6477,6481,6483,6484,6485,6487,6489,6492,6494,6495,6496,6497,6499,6500,6502,6503,6504,6506,6508,6511,6512,6513,6514,6515,6516,6518,6519,6520,6521,6522,6523,6525,6528,6531,6532,6533,6535,6536,6538,6539,6542,6545,6546,6547,6550,6552,6554,6555,6559,6560,6561,6562,6563,6564,6565,6566,6567,6568,6570,6572,6573,6574,6575,6576,6577,6578,6579,6580,6585,6586,6587,6589,6590,6596,6598,6600,6605,6606,6608,6609,6610,6611,6612,6613,6615,6616,6618,6621,6623,6624,6626,6628,6629,6631,6632,6634,6636,6637,6638,6639,6640,6641,6643,6644,6645,6646,6648,6649,6651,6653,6654,6656,6657,6659,6661,6664,6671,6673,6674,6675,6677,6678,6680,6681,6683,6684,6685,6686,6688,6689,6690,6692,6695,6696,6697,6698,6700,6701,6704,6705,6706,6707,6708,6709,6710,6711,6712,6713,6715,6717,6718,6721,6723,6725,6727,6729,6730,6732,6734,6736,6738,6739,6740,6741,6743,6745,6746,6748,6749,6751,6754,6756,6757,6760,6761,6768,6769,6770,6771,6773,6775,6776,6777,6778,6779,6780,6781,6782,6783,6784,6786,6788,6790,6794,6796,6797,6798,6799,6800,6802,6803,6805,6806,6807,6809,6810,6811,6812,6813,6815,6816,6818,6819,6820,6822,6823,6824,6826,6828,6829,6833,6834,6835,6836,6837,6838,6839,6841,6842,6846,6848,6850,6853,6854,6856,6858,6859,6861,6862,6863,6865,6866,6867,6868,6869,6870,6871,6872,6873,6875,6876,6877,6878,6879,6880,6881,6882,6883,6885,6886,6889,6892,6896,6897,6898,6899,6901,6902,6903,6909,6913,6915,6918,6922,6923,6926,6929,6930,6933,6934,6935,6936,6939,6940,6943,6946,6949,6950,6951,6954,6955,6959,6963,6965,6966,6968,6969,6971,6972,6976,6977,6978,6979,6980,6981,6983,6985,6986,6987,6992,6993,7006,7010,7013,7014,7017,7018,7023,7024,7028,7030,7031,7042,7045,7052,7055,7056,7060,7062,7064,7066,7068,7069,7071,7072,7074,7075,7076,7077,7078,7082,7084,7085,7093,7094,7095,7096,7097,7099,7104,7105,7106,7107,7108,7109,7112,7113,7114,7117,7118,7121,7126,7127,7129,7130,7131,7132,7137,7138,7140,7144,7145,7150,7151,7154,7155,7157,7163,7164,7165,7168,7169,7171,7174,7177,7178,7186,7189,7190,7191,7194,7196,7198,7199,7201,7203,7206,7207,7209,7212,7213,7214,7218,7219,7224,7232,7237,7238,7240,7241,7242,7249,7250,7252,7254,7256,7257,7259,7261,7262,7267,7269,7274,7275,7277,7279,7283,7286,7287,7288,7289,7291,7294,7296,7307,7308,7310,7312,7316,7317,7320,7321,7322,7324,7326,7331,7332,7333,7337,7338,7339,7345,7347,7348,7351,7356,7357,7362,7363,7364,7365,7369,7374,7379,7380,7382,7383,7384,7387,7389,7393,7394,7395,7397,7399,7403,7406,7408,7409,7410,7414,7419,7420,7423,7424,7426,7427,7428,7430,7436,7448,7451,7452,7453,7454,7456,7458,7462,7466,7470,7471,7472,7473,7476,7478,7482,7487,7489,7492,7497,7502,7503,7504,7505,7506,7507,7508,7521,7525,7538,7544,7549,7551,7556,7557,7562,7563,7565,7568,7571,7572,7575,7577,7578,7580,7582,7588,7589,7591,7594,7595,7598,7599,7601,7603,7606,7607,7608,7613,7614,7616,7618,7619,7620,7621,7624,7625,7633,7634,7637,7648,7654,7655,7656,7657,7660,7661,7670,7672,7675,7676,7677,7681,7683,7686,7690,7693,7694,7696,7697,7703,7707,7708,7713,7719,7726,7730,7732,7734,7735,7750,7754,7756,7757,7766,7767,7770,7773,7774,7775,7780,7784,7786,7787,7789,7793,7796,7804,7806,7816,7819,7821,7822,7824,7832,7835,7837,7839,7846,7848,7850,7851,7856,7861,7862,7864,7865,7868,7869,7874,7875,7876,7879,7881,7883,7884,7885,7892,7896,7899,7902,7903,7906,7908,7914,7917,7920,7923,7924,7930,7934,7935,7936,7942,7943,7948,7950,7951,7959,7961,7962,7963,7967,7968,7969,7973,7980,7982,7987,7989,7990,7992,7995,7997,8004,8006,8007,8008,8020,8021,8022,8023,8024,8027,8028,8031,8032,8033,8037,8039,8041,8045,8047,8048,8049,8053,8059,8062,8064,8066,8072,8079,8081,8083,8087,8089,8090,8091,8092,8093,8098,8108,8113,8117,8118,8122
22,192,6038,6040,6375,6424,6434,6558,6663,6763,6849,6900,6905,6910,6927,6989,6994,6999,7025,7026,7033,7036,7037,7041,7051,7054,7079,7090,7128,7133,7135,7173,7176,7182,7188,7205,7221,7228,7233,7235,7239,7244,7246,7251,7253,7281,7290,7299,7306,7325,7327,7352,7366,7375,7376,7388,7405,7407,7412,7413,7425,7432,7437,7440,7446,7455,7459,7467,7490,7510,7516,7522,7523,7526,7531,7537,7543,7547,7555,7558,7561,7612,7617,7627,7630,7636,7652,7658,7664,7665,7674,7688,7689,7692,7699,7701,7710,7716,7723,7729,7737,7741,7745,7759,7762,7765,7782,7788,7791,7807,7811,7813,7825,7828,7829,7831,7833,7834,7836,7840,7844,7845,7859,7866,7871,7878,7886,7893,7905,7911,7913,7915,7922,7927,7937,7939,7944,7945,7953,7956,7957,7964,7970,7971,7977,7979,7985,7988,7994,7996,7999,8000,8003,8009,8010,8011,8013,8025,8026,8034,8036,8040,8042,8043,8044,8052,8054,8056,8057,8065,8067,8068,8069,8071,8073,8075,8076,8077,8086,8088,8100,8102,8103,8104,8105,8106,8107,8110,8112,8115,8119,8120,8121,8123
23,288,6068,6142,6147,6194,6203,6214,6219,6261,6279,6331,6366,6396,6403,6406,6449,6509,6517,6530,6599,6660,6744,6752,6762,6774,6827,6860,6884,6906,6907,6914,6920,6924,6932,6937,6938,6952,6958,6975,6990,6997,6998,7003,7004,7005,7008,7009,7011,7015,7016,7019,7020,7032,7035,7039,7040,7046,7050,7067,7086,7089,7098,7103,7110,7119,7123,7134,7136,7141,7143,7153,7158,7162,7167,7170,7183,7185,7200,7202,7204,7208,7211,7217,7220,7222,7226,7229,7231,7234,7236,7245,7255,7258,7260,7263,7266,7270,7271,7273,7276,7278,7280,7284,7293,7301,7305,7309,7311,7314,7315,7319,7328,7329,7334,7335,7344,7346,7349,7350,7354,7358,7359,7361,7372,7373,7378,7385,7390,7391,7398,7400,7404,7411,7416,7418,7434,7439,7444,7445,7450,7460,7463,7468,7479,7486,7498,7499,7500,7513,7514,7524,7528,7529,7532,7534,7535,7540,7541,7542,7550,7552,7559,7560,7564,7566,7573,7576,7581,7584,7585,7586,7590,7593,7604,7609,7610,7615,7622,7623,7626,7631,7632,7640,7641,7642,7643,7644,7649,7650,7651,7659,7662,7671,7678,7680,7682,7685,7698,7712,7720,7724,7725,7736,7740,7743,7744,7746,7747,7748,7749,7752,7753,7761,7763,7769,7772,7776,7777,7783,7790,7795,7797,7803,7809,7810,7814,7817,7818,7823,7830,7838,7842,7843,7847,7854,7858,7860,7867,7870,7872,7882,7890,7894,7895,7900,7904,7907,7909,7912,7916,7918,7921,7929,7933,7938,7954,7955,7958,7960,7966,7972,7974,7975,7976,7983,7991,7993,8002,8014,8015,8017,8018,8019,8029,8030,8035,8046,8051,8055,8063,8074,8078,8084,8085,8094,8096,8099,8109,8111
24,32,6120,6904,6928,6941,7022,7063,7073,7116,7181,7300,7353,7360,7370,7377,7415,7422,7443,7481,7548,7597,7602,7673,7704,7705,7721,7898,7919,7940,7946,7952,7965,8038
25,36,6415,6668,6855,6945,6991,7034,7065,7091,7100,7111,7146,7166,7230,7265,7285,7323,7336,7342,7368,7386,7469,7480,7485,7536,7635,7709,7714,7727,7801,7805,7820,7910,7941,7981,8095,8114
26,8,6912,7295,7367,7401,7483,7600,7706,7739
27,16,6967,6970,6984,7195,7292,7449,7533,7570,7702,7717,7779,7887,7931,7984,7986,8001
